person1,image1,person2,image2,pair_type,similarity
person_06,image_02.jpg,person_06,image_03.jpg,genuine,0.897947
person_05,image_02.jpg,person_05,image_03.jpg,genuine,0.832054
person_09,image_01.jpg,person_09,image_02.jpg,genuine,0.818089
person_09,image_01.jpg,person_09,image_03.jpg,genuine,0.790572
person_01,image_01.jpg,person_01,image_02.jpg,genuine,0.783911
person_04,image_02.jpg,person_04,image_03.jpg,genuine,0.781717
person_01,image_02.jpg,person_01,image_03.jpg,genuine,0.775075
person_10,image_02.jpg,person_10,image_03.jpg,genuine,0.766002
person_08,image_02.jpg,person_08,image_03.jpg,genuine,0.764527
person_05,image_01.jpg,person_05,image_03.jpg,genuine,0.762531
person_09,image_02.jpg,person_09,image_03.jpg,genuine,0.757095
person_05,image_01.jpg,person_05,image_02.jpg,genuine,0.747709
person_10,image_01.jpg,person_10,image_02.jpg,genuine,0.742763
person_06,image_01.jpg,person_06,image_02.jpg,genuine,0.739503
person_03,image_01.jpg,person_03,image_02.jpg,genuine,0.735478
person_02,image_01.jpg,person_02,image_02.jpg,genuine,0.728454
person_06,image_01.jpg,person_06,image_03.jpg,genuine,0.725319
person_01,image_01.jpg,person_01,image_03.jpg,genuine,0.721914
person_03,image_02.jpg,person_03,image_03.jpg,genuine,0.718669
person_03,image_01.jpg,person_03,image_03.jpg,genuine,0.709217
person_10,image_01.jpg,person_10,image_03.jpg,genuine,0.704310
person_08,image_01.jpg,person_08,image_03.jpg,genuine,0.700796
person_08,image_01.jpg,person_08,image_02.jpg,genuine,0.659842
person_07,image_02.jpg,person_07,image_03.jpg,genuine,0.627434
person_04,image_01.jpg,person_04,image_02.jpg,genuine,0.619309
person_04,image_01.jpg,person_04,image_03.jpg,genuine,0.614047
person_07,image_01.jpg,person_07,image_03.jpg,genuine,0.604313
person_02,image_02.jpg,person_02,image_03.jpg,genuine,0.586109
person_07,image_01.jpg,person_07,image_02.jpg,genuine,0.537055
person_02,image_01.jpg,person_02,image_03.jpg,genuine,0.527524
person_07,image_01.jpg,person_08,image_01.jpg,impostor,0.123204
person_06,image_01.jpg,person_10,image_01.jpg,impostor,0.117182
person_03,image_01.jpg,person_09,image_01.jpg,impostor,0.110002
person_08,image_01.jpg,person_10,image_01.jpg,impostor,0.076860
person_02,image_01.jpg,person_10,image_01.jpg,impostor,0.075143
person_03,image_01.jpg,person_10,image_01.jpg,impostor,0.072016
person_01,image_01.jpg,person_10,image_01.jpg,impostor,0.071211
person_03,image_01.jpg,person_08,image_01.jpg,impostor,0.066434
person_05,image_01.jpg,person_09,image_01.jpg,impostor,0.061027
person_01,image_01.jpg,person_09,image_01.jpg,impostor,0.055164
person_05,image_01.jpg,person_10,image_01.jpg,impostor,0.054709
person_09,image_01.jpg,person_10,image_01.jpg,impostor,0.049466
person_07,image_01.jpg,person_10,image_01.jpg,impostor,0.046765
person_04,image_01.jpg,person_09,image_01.jpg,impostor,0.045717
person_01,image_01.jpg,person_04,image_01.jpg,impostor,0.043297
person_01,image_01.jpg,person_05,image_01.jpg,impostor,0.032075
person_05,image_01.jpg,person_08,image_01.jpg,impostor,0.029052
person_02,image_01.jpg,person_08,image_01.jpg,impostor,0.028487
person_04,image_01.jpg,person_07,image_01.jpg,impostor,0.025413
person_07,image_01.jpg,person_09,image_01.jpg,impostor,0.023800
person_01,image_01.jpg,person_03,image_01.jpg,impostor,0.023587
person_03,image_01.jpg,person_06,image_01.jpg,impostor,0.021713
person_02,image_01.jpg,person_06,image_01.jpg,impostor,0.019838
person_01,image_01.jpg,person_06,image_01.jpg,impostor,0.008254
person_04,image_01.jpg,person_10,image_01.jpg,impostor,0.000777
person_03,image_01.jpg,person_07,image_01.jpg,impostor,-0.003643
person_02,image_01.jpg,person_04,image_01.jpg,impostor,-0.004664
person_03,image_01.jpg,person_04,image_01.jpg,impostor,-0.006130
person_02,image_01.jpg,person_09,image_01.jpg,impostor,-0.017533
person_04,image_01.jpg,person_08,image_01.jpg,impostor,-0.019636
person_04,image_01.jpg,person_05,image_01.jpg,impostor,-0.023439
person_08,image_01.jpg,person_09,image_01.jpg,impostor,-0.024997
person_06,image_01.jpg,person_09,image_01.jpg,impostor,-0.026985
person_03,image_01.jpg,person_05,image_01.jpg,impostor,-0.027296
person_01,image_01.jpg,person_02,image_01.jpg,impostor,-0.031607
person_02,image_01.jpg,person_05,image_01.jpg,impostor,-0.032795
person_05,image_01.jpg,person_07,image_01.jpg,impostor,-0.036314
person_02,image_01.jpg,person_03,image_01.jpg,impostor,-0.045125
person_04,image_01.jpg,person_06,image_01.jpg,impostor,-0.047365
person_06,image_01.jpg,person_07,image_01.jpg,impostor,-0.048803
person_05,image_01.jpg,person_06,image_01.jpg,impostor,-0.049493
person_01,image_01.jpg,person_07,image_01.jpg,impostor,-0.056565
person_01,image_01.jpg,person_08,image_01.jpg,impostor,-0.058002
person_06,image_01.jpg,person_08,image_01.jpg,impostor,-0.086845
person_02,image_01.jpg,person_07,image_01.jpg,impostor,-0.087073
